category,status,repository_evidence,missing_components
Automation,PASS WITH OBSERVATIONS,run_pipeline.py and run_historical_pipeline_v2.py exist; relies on external OS cron / Task Scheduler,Built-in workflow orchestrator daemon (e.g. Airflow/Prefect)
Monitoring,PASS,validate_ard_v2.py (16 validation sections) & data_validation_v2.py,None
Logging,PASS,Structured Python logging module across all pipeline scripts writing to console and task logs,None
Retry Mechanisms,PASS,GEE API retry decorators & OpenAQ network fallback logic in earth_engine/ and openaq_collector.py,None
Configuration Management,PASS,"PROJECT_CONFIG.yaml, data_collection_pipeline/config.py, and shell environment variable overrides",None
CI/CD Integration,FAIL,"PyTest test suite exists (63 tests), but NO .github/workflows/ runner config exists in repo root",.github/workflows/ci.yml workflow file
Deployment Scripts / Containerization,FAIL,No Dockerfile or docker-compose.yml file present in repository,Dockerfile & docker-compose.yml container build scripts
Scalability,PASS,Decoupled modular architecture and snappy-compressed Parquet storage format,None
Security & Credentials Isolation,PASS,"Environment variable separation (GEE_PROJECT_ID), zero hardcoded secrets",None
