category,result,score_points,max_points,notes
Priority 1: Ground Ingestion,PASS,20,20,"3333 ground obs, 0 duplicate keys, 100% PM2.5 completeness"
Priority 2: Sentinel-5P Satellite,PASS WITH OBSERVATIONS,18,20,"99.73% trace gas completeness, same-day orbit matching"
Priority 3: ERA5 Meteorology,PASS,20,20,"99.73% completeness across 8 meteorological predictors, valid physical units"
Priority 4: Static GIS Features,PASS,20,20,"100% SRTM elevation, land cover, and geodesic coast distance completeness"
Priority 5: Final ARD Integration,PASS,20,20,"Parquet/CSV parity, 63/63 PyTest tests passed, 0 duplicate primary keys"
Machine Learning Readiness,YES,10,10,"PM2.5 target 100% complete, feature matrix collocated"
Academic / Scientific Research Readiness,YES,10,10,"SI units (Kelvin, Pa, mol/m²), 100% reproducible pipeline"
Production & Operational Readiness,YES,8,10,"Snappy Parquet storage, fast query indexing, comprehensive test suite"
Overall Project Audit Score,APPROVED,95,100,Total Project Audit Score: 95/100
