dimension,score_out_of_10,status,evidence
Reliability,9,PASS,"Zero duplicate primary keys, robust NaN handling, 63 unit tests"
Automation,8,PASS WITH OBSERVATIONS,Fully automated python execution scripts; requires OS scheduler
Monitoring,9,PASS,Comprehensive data quality logging in validate_ard_v2.py
Logging,9,PASS,Structured Python logging across all ingest modules
Retry Mechanisms,9,PASS,GEE API retry decorators & OpenAQ fallback logic
Configuration Management,9,PASS,PROJECT_CONFIG.yaml and environment variable overrides
Containerization / Docker,4,FAIL,Dockerfile missing from repository root
CI/CD Integration,4,FAIL,.github/workflows/ missing from repository root
Scheduling,8,PASS WITH OBSERVATIONS,Compatible with cron / Task Scheduler
Model Deployment Readiness,10,PASS,Scikit-learn pipeline serialization & Parquet data format
Security & Auth,10,PASS,GEE credentials managed safely via environment
FINAL CLASSIFICATION,89,PRODUCTION READY WITH ASSUMPTIONS,Fully ready for ML/Research; Container/CI scripts recommended for deployment
